company,title,url
LawnStarter,Data Governance & Platform Manager,https://weworkremotely.com/remote-jobs/lawnstarter-data-governance-platform-manager
Peroptyx,Data Anlayst,https://weworkremotely.com/remote-jobs/peroptyx-data-anlayst
Toptal,Senior Rust Engineer — Production Backend Systems | Remote (LATAM),https://weworkremotely.com/remote-jobs/toptal-senior-rust-engineer-production-backend-systems-remote-latam
Toptal,AI/Platform Engineer — AWS Bedrock Agentcore,https://weworkremotely.com/remote-jobs/toptal-ai-platform-engineer-aws-bedrock-agentcore
Toptal,QA Automation Engineer — UI & API,https://weworkremotely.com/remote-jobs/toptal-qa-automation-engineer-ui-api
Toptal,"Senior Full Stack Engineer — Insurtech Platform | Remote, Colombia",https://weworkremotely.com/remote-jobs/toptal-senior-full-stack-engineer-insurtech-platform-remote-colombia
Toptal,Airtable Process Automation Expert,https://weworkremotely.com/remote-jobs/toptal-airtable-process-automation-expert
Proxify AB,Senior Data Engineer (Python),https://weworkremotely.com/remote-jobs/proxify-ab-senior-data-engineer-python
Proxify AB,Senior Laravel Developer,https://weworkremotely.com/remote-jobs/proxify-ab-senior-laravel-developer-8
Proxify AB,Senior DevOps Engineer (Azure),https://weworkremotely.com/remote-jobs/proxify-ab-senior-devops-engineer-azure-6
Proxify AB,Senior Python AI Engineer,https://weworkremotely.com/remote-jobs/proxify-ab-senior-python-ai-engineer-4
Proxify AB,Senior Sharepoint Developer,https://weworkremotely.com/remote-jobs/proxify-ab-senior-sharepoint-developer-5
APEX TRADE,Entry-Level Crypto Market Specialist,https://weworkremotely.com/remote-jobs/apex-trade-entry-level-crypto-market-specialist
NoGigiddy,Remote Data Entry Clerk,https://weworkremotely.com/remote-jobs/nogigiddy-remote-data-entry-clerk-7
DataAnnotation.tech,FT/PT Remote AI Prompt Engineering & Evaluation - Will Train,https://weworkremotely.com/remote-jobs/dataannotation-tech-ft-pt-remote-ai-prompt-engineering-evaluation-will-train
Atom Partners,Junior Crypto Trader (Remote),https://weworkremotely.com/remote-jobs/atom-partners-junior-crypto-trader-remote
Toptal,AI Engineers,https://weworkremotely.com/remote-jobs/toptal-ai-engineers
Toptal,Full-stack Engineer / Agentic Coding Tools,https://weworkremotely.com/remote-jobs/toptal-full-stack-engineer-agentic-coding-tools
Remote Talent Cloud,Remote AI Training - $20/hr - United States,https://weworkremotely.com/remote-jobs/remote-talent-cloud-remote-ai-training-20-hr-united-states-1
ProWriterSites,Freelance Writer,https://weworkremotely.com/remote-jobs/prowritersites-freelance-writer
MP College Consulting,"College Counselor Specializing in BS/MD Admissions– Remote, Part-Time",https://weworkremotely.com/remote-jobs/mp-college-consulting-college-counselor-specializing-in-bs-md-admissions-remote-part-time
WiFi Tribe,Leader for Premium Remote Work + Travel Community (global travel required),https://weworkremotely.com/remote-jobs/wifi-tribe-leader-for-premium-remote-work-travel-community-global-travel-required
Native Camp,Online English Teacher,https://weworkremotely.com/remote-jobs/native-camp-online-english-teacher-34
ICF,Software Security Engineer- Cloud/GovCloud (Top Secret cleared),https://weworkremotely.com/remote-jobs/icf-software-security-engineer-cloud-govcloud-top-secret-cleared
Siemens Healthineers,"Regional Service Manager - Manhattan, NY",https://weworkremotely.com/remote-jobs/siemens-healthineers-regional-service-manager-manhattan-ny
Proxify AB,Senior Fullstack Developer (Python),https://weworkremotely.com/remote-jobs/proxify-ab-senior-fullstack-developer-python-3
Proxify AB,Senior Fullstack Developer (React.js / Node.js),https://weworkremotely.com/remote-jobs/proxify-ab-senior-fullstack-developer-react-js-node-js-2
Cortes 23,Senior QA Engineer,https://weworkremotely.com/remote-jobs/cortes-23-senior-qa-engineer-2
A.Team,Senior Independent AI Engineer / Architect,https://weworkremotely.com/remote-jobs/a-team-senior-independent-ai-engineer-architect
A.Team,Senior Independent Software Developer ($90-$170/hr),https://weworkremotely.com/remote-jobs/a-team-senior-independent-software-developer-90-170-hr
Storetasker,Senior Shopify Developer (Remote + Flexible),https://weworkremotely.com/remote-jobs/storetasker-senior-shopify-developer-remote-flexible-3
Sticker Mule,Software engineer,https://weworkremotely.com/remote-jobs/sticker-mule-software-engineer-3
Wonderdog,Full-Stack Product Engineer - Agentic First,https://weworkremotely.com/remote-jobs/wonderdog-full-stack-product-engineer-agentic-first
Lemon.io,Senior React Full-stack Developer,https://weworkremotely.com/remote-jobs/lemon-io-senior-react-full-stack-developer-5
RETR,Senior Software Engineer,https://weworkremotely.com/remote-jobs/retr-senior-software-engineer
Vidalytics,[EUROPE ONLY] GTM MarTech Engineer (Growth & Attribution) at Video MarTech SaaS,https://weworkremotely.com/remote-jobs/vidalytics-europe-only-gtm-martech-engineer-growth-attribution-at-video-martech-saas
Hyphen Connect Limited,Lead Product Designer (Crypto Exchange),https://weworkremotely.com/remote-jobs/hyphen-connect-limited-lead-product-designer-crypto-exchange
Supportyourapp,(fluent German & English) L1 Customer Support Consultant (EU Remote),https://weworkremotely.com/remote-jobs/supportyourapp-fluent-german-english-l1-customer-support-consultant-eu-remote-1
Supportyourapp,(fluent German & English) L1 Customer Support Consultant (EU Remote),https://weworkremotely.com/remote-jobs/supportyourapp-fluent-german-english-l1-customer-support-consultant-eu-remote-1
Supportyourapp,(fluent German & English) L1 Customer Support Consultant (EU Remote),https://weworkremotely.com/remote-jobs/supportyourapp-fluent-german-english-l1-customer-support-consultant-eu-remote
Supportyourapp,(Native Finnish) Customer Support Consultant (remotely),https://weworkremotely.com/remote-jobs/supportyourapp-native-finnish-customer-support-consultant-remotely
Supportyourapp,(Native Swedish) Customer Support Consultant (remotely),https://weworkremotely.com/remote-jobs/supportyourapp-native-swedish-customer-support-consultant-remotely
Supportyourapp,(Native Danish) Customer Support Consultant (remotely),https://weworkremotely.com/remote-jobs/supportyourapp-native-danish-customer-support-consultant-remotely
Elevenlabs,Product Marketing - Agents,https://weworkremotely.com/remote-jobs/elevenlabs-product-marketing-agents
Holepunch,"Product / Technical Project Manager (100% Remote, Worldwide)",https://weworkremotely.com/remote-jobs/holepunch-product-technical-project-manager-100-remote-worldwide
Khibraty,Lead Full-stack Developer (Full-Time Remote Contractor),https://weworkremotely.com/remote-jobs/khibraty-lead-full-stack-developer-full-time-remote-contractor
Khibraty,Product Manager / QA Analyst (Full-Time Remote Contractor),https://weworkremotely.com/remote-jobs/khibraty-product-manager-qa-analyst-full-time-remote-contractor
Openrouter,Developer Product Marketing Lead,https://weworkremotely.com/remote-jobs/openrouter-developer-product-marketing-lead
Accuweather Careers,"Product Manager, Mapping and Weather Visualization",https://weworkremotely.com/remote-jobs/accuweather-careers-product-manager-mapping-and-weather-visualization
Base.com,Full-Stack Developer (React + AWS),https://weworkremotely.com/remote-jobs/base-com-full-stack-developer-react-aws
garden3d,Head of Design,https://weworkremotely.com/remote-jobs/garden3d-head-of-design
JLL,Occupancy Planner EMEA,https://weworkremotely.com/remote-jobs/jll-occupancy-planner-emea
Anthropic,"Safeguards Enforcement Analyst, Age-Appropriate Design",https://weworkremotely.com/remote-jobs/anthropic-safeguards-enforcement-analyst-age-appropriate-design
Jobgether,Senior Mobile UX Designer,https://weworkremotely.com/remote-jobs/jobgether-senior-mobile-ux-designer
Education Sub Saharan Africa,Consultancy: Design and Implementation of ACSL Impact Studies,https://weworkremotely.com/remote-jobs/education-sub-saharan-africa-consultancy-design-and-implementation-of-acsl-impact-studies
TE Connectivity,"PRODUCT MANAGER IV (Remote - Seattle, WA)",https://weworkremotely.com/remote-jobs/te-connectivity-product-manager-iv-remote-seattle-wa
TE Connectivity,"AI Business Acceleration Manager (Remote - Harrisburg, PA area)",https://weworkremotely.com/remote-jobs/te-connectivity-ai-business-acceleration-manager-remote-harrisburg-pa-area
TE Connectivity,PRODUCT MANAGER III (Remote),https://weworkremotely.com/remote-jobs/te-connectivity-product-manager-iii-remote
Astreya,AI Infrastructure DC Design Engineer II,https://weworkremotely.com/remote-jobs/astreya-ai-infrastructure-dc-design-engineer-ii
TE Connectivity,Sr R&D/Product Dvl Engineer,https://weworkremotely.com/remote-jobs/te-connectivity-sr-r-d-product-dvl-engineer
Hospitable,Staff UI/UX Product Designer (USA/EMEA - Remote),https://weworkremotely.com/remote-jobs/hospitable-staff-ui-ux-product-designer-usa-emea-remote-1
Innovapptive,Solution Consulting Lead,https://weworkremotely.com/remote-jobs/innovapptive-solution-consulting-lead
JLL,Strategic Sourcing Specialist,https://weworkremotely.com/remote-jobs/jll-strategic-sourcing-specialist
Viking Pump Hygienic,Commodity Manager,https://weworkremotely.com/remote-jobs/viking-pump-hygienic-commodity-manager
TE Connectivity,Staff Mechanical Product Development Engineer- Integrated Predictive Analysis,https://weworkremotely.com/remote-jobs/te-connectivity-staff-mechanical-product-development-engineer-integrated-predictive-analysis
LooseGrip,Junior Designer (Part-Time Contract),https://weworkremotely.com/remote-jobs/loosegrip-junior-designer-part-time-contract
Food Service Specialties,Back Office support,https://weworkremotely.com/remote-jobs/food-service-specialties-back-office-support
Stone & Tile,Administrative Assistant,https://weworkremotely.com/remote-jobs/stone-tile-administrative-assistant
PCL Industrial Management,"Coordinator, Virtual Design & Construction",https://weworkremotely.com/remote-jobs/pcl-industrial-management-coordinator-virtual-design-construction
Verdantas,Substation Design Lead,https://weworkremotely.com/remote-jobs/verdantas-substation-design-lead
GM,Producer - Human Interface Design,https://weworkremotely.com/remote-jobs/gm-producer-human-interface-design
GE Vernova,Senior Design Engineer,https://weworkremotely.com/remote-jobs/ge-vernova-senior-design-engineer
Clark Builders,Virtual Design & Construction (VDC) Reality Capture Technician (CB),https://weworkremotely.com/remote-jobs/clark-builders-virtual-design-construction-vdc-reality-capture-technician-cb
Castr,Sales Development Representative (SDR),https://weworkremotely.com/remote-jobs/castr-sales-development-representative-sdr
Vidalytics,"AI-Native Conversion Copywriter (VSLs, Funnels, Paid Ads) – MarTech Video SaaS",https://weworkremotely.com/remote-jobs/vidalytics-ai-native-conversion-copywriter-vsls-funnels-paid-ads-martech-video-saas
Vidalytics,AI Native Performance Marketing Manager – In-House MarTech Video SaaS,https://weworkremotely.com/remote-jobs/vidalytics-ai-native-performance-marketing-manager-in-house-martech-video-saas
Vidalytics,AI Native Creative Strategist (Full Funnels Ownership from Ads to LTV),https://weworkremotely.com/remote-jobs/vidalytics-ai-native-creative-strategist-full-funnels-ownership-from-ads-to-ltv
Clover Labs AI,Campaign Manager - SEO & AI Content,https://weworkremotely.com/remote-jobs/clover-labs-ai-campaign-manager-seo-ai-content
SimpleTiger LLC,B2B SaaS PPC Specialist,https://weworkremotely.com/remote-jobs/simpletiger-llc-b2b-saas-ppc-specialist
garden3d,Head of Marketing & Communications,https://weworkremotely.com/remote-jobs/garden3d-head-of-marketing-communications
Credit Joy,Remote Sales Representative,https://weworkremotely.com/remote-jobs/credit-joy-remote-sales-representative
SuperPlane,DevRel - Content Creator,https://weworkremotely.com/remote-jobs/superplane-devrel-content-creator
Credit Wellness LLC,Inside Sales - Account Executive,https://weworkremotely.com/remote-jobs/credit-wellness-llc-inside-sales-account-executive
Creative Force,Sales Jedi,https://weworkremotely.com/remote-jobs/creative-force-sales-jedi-6
Your Resource Group LLC,Remote Inside Sales,https://weworkremotely.com/remote-jobs/your-resource-group-llc-remote-inside-sales-1
Binance,DACH Community Manager (Events),https://weworkremotely.com/remote-jobs/binance-dach-community-manager-events
Buffer,Senior Engineer - Growth Marketing,https://weworkremotely.com/remote-jobs/buffer-senior-engineer-growth-marketing
Wellness Clinic Marketing,Senior SDR,https://weworkremotely.com/remote-jobs/wellness-clinic-marketing-senior-sdr
Rhenus Logistics,Product Marketing Manager,https://weworkremotely.com/remote-jobs/rhenus-logistics-product-marketing-manager
Bentley Systems,Content Marketing Manager,https://weworkremotely.com/remote-jobs/bentley-systems-content-marketing-manager
Coloplast,Field Marketing Specialist,https://weworkremotely.com/remote-jobs/coloplast-field-marketing-specialist
Farmers,Data Science Manager - Marketing,https://weworkremotely.com/remote-jobs/farmers-data-science-manager-marketing
Davidson Hospitality Group,Group Sales Manager,https://weworkremotely.com/remote-jobs/davidson-hospitality-group-group-sales-manager
Hello There Collective,Affiliate Marketing Manager,https://weworkremotely.com/remote-jobs/hello-there-collective-affiliate-marketing-manager
BBE Marketing Inc,Business Development Manager - Latin America,https://weworkremotely.com/remote-jobs/bbe-marketing-inc-business-development-manager-latin-america
Bright! Tax,Inbound Sales Representative,https://weworkremotely.com/remote-jobs/bright-tax-inbound-sales-representative
SiteCare,Client Success Advisor,https://weworkremotely.com/remote-jobs/sitecare-client-success-advisor
Digital Treasury Pty Ltd,Senior SEO Specialist,https://weworkremotely.com/remote-jobs/digital-treasury-pty-ltd-senior-seo-specialist
Carnival Corporation,"Engineer Sr, DevOps",https://weworkremotely.com/remote-jobs/carnival-corporation-engineer-sr-devops
Launch Legends,Senior DevOps Engineer (Web3),https://weworkremotely.com/remote-jobs/launch-legends-senior-devops-engineer-web3
Avalon Administrative Services,DevOps Engineer III,https://weworkremotely.com/remote-jobs/avalon-administrative-services-devops-engineer-iii
ICF,Senior DevOps Engineer,https://weworkremotely.com/remote-jobs/icf-senior-devops-engineer
WME,"Senior DevOps Engineer, Applications",https://weworkremotely.com/remote-jobs/wme-senior-devops-engineer-applications
Common Securitization Solutions,DevOps Engineer,https://weworkremotely.com/remote-jobs/common-securitization-solutions-devops-engineer
Borrowell,Sr. DevOps Engineer,https://weworkremotely.com/remote-jobs/borrowell-sr-devops-engineer
Five9,Senior DevOps Engineer,https://weworkremotely.com/remote-jobs/five9-senior-devops-engineer
Medfar,Spécialiste DevOps,https://weworkremotely.com/remote-jobs/medfar-specialiste-devops
Bright Vision Technologies,Site Reliability Engineer (SRE),https://weworkremotely.com/remote-jobs/bright-vision-technologies-site-reliability-engineer-sre-1
Qualifyze,Senior DevOps Engineer,https://weworkremotely.com/remote-jobs/qualifyze-senior-devops-engineer
"Ignition, Inc.",Mac MSP Help Desk Guru (work from home),https://weworkremotely.com/remote-jobs/ignition-inc-mac-msp-help-desk-guru-work-from-home
Bright Vision Technologies,Site Reliability Engineer (SRE),https://weworkremotely.com/remote-jobs/bright-vision-technologies-site-reliability-engineer-sre
Southwest Power Pool,DevOps SRE - Senior or Lead (Remote Eligible),https://weworkremotely.com/remote-jobs/southwest-power-pool-devops-sre-senior-or-lead-remote-eligible
Agilent Technologies,DevOps & Platform Engineer (AWS / CI/CD),https://weworkremotely.com/remote-jobs/agilent-technologies-devops-platform-engineer-aws-ci-cd
IO Global,DevOps Engineer - Midnight Foundation,https://weworkremotely.com/remote-jobs/io-global-devops-engineer-midnight-foundation
First American,CRM Campaign Manager,https://weworkremotely.com/remote-jobs/first-american-crm-campaign-manager
HubSpot,"Senior Account Executive, Mid-Market UKI",https://weworkremotely.com/remote-jobs/hubspot-senior-account-executive-mid-market-uki
CRAE GROUP LTD,Customer Support Agent (Remote),https://weworkremotely.com/remote-jobs/crae-group-ltd-customer-support-agent-remote
NoGigiddy,Entry-Level Account Manager,https://weworkremotely.com/remote-jobs/nogigiddy-entry-level-account-manager-4
BeiGene,"Senior Manager, CRM Medical Affairs, EU/NM",https://weworkremotely.com/remote-jobs/beigene-senior-manager-crm-medical-affairs-eu-nm
Wingman Group PTY,CRM Administrator & Technical Support (Night Shift),https://weworkremotely.com/remote-jobs/wingman-group-pty-crm-administrator-technical-support-night-shift
Aethos,Customer Journey and CRM Manager (UK Fixed Term Contract for a Maternity Cover) - Immediate Start,https://weworkremotely.com/remote-jobs/aethos-customer-journey-and-crm-manager-uk-fixed-term-contract-for-a-maternity-cover
Tekion,Implementation Specialist (Variable Ops experience required),https://weworkremotely.com/remote-jobs/tekion-implementation-specialist-variable-ops-experience-required
Ashley Digital,"Director, CRM",https://weworkremotely.com/remote-jobs/ashley-digital-director-crm
ServiceTitan,"Staff Product Manager, Residential CRM",https://weworkremotely.com/remote-jobs/servicetitan-staff-product-manager-residential-crm
HighLevel,Engineering Manager - Custom Objects Team,https://weworkremotely.com/remote-jobs/highlevel-engineering-manager-custom-objects-team
Tend,Sourcing and CRM Program Manager,https://weworkremotely.com/remote-jobs/tend-sourcing-and-crm-program-manager
Abbott,"Clinical Specialist, CRM (Denver, CO)",https://weworkremotely.com/remote-jobs/abbott-clinical-specialist-crm-denver-co
MaxAccelerate,Salesforce Recruiter / Business Development Manager (POD Solutions),https://weworkremotely.com/remote-jobs/maxaccelerate-salesforce-recruiter-business-development-manager-pod-solutions
Abbott,"Associate Sales Representative, CRM (New Braunfels, TX)",https://weworkremotely.com/remote-jobs/abbott-associate-sales-representative-crm-new-braunfels-tx
bostonscientific,Field Clinical Specialist - CRM (m/w/d),https://weworkremotely.com/remote-jobs/bostonscientific-field-clinical-specialist-crm-m-w-d
RETR,Head of Customer Advocacy,https://weworkremotely.com/remote-jobs/retr-head-of-customer-advocacy
Zapiet,Merchant Support Specialist,https://weworkremotely.com/remote-jobs/zapiet-merchant-support-specialist-2
Bright! Tax,Client Success Lead,https://weworkremotely.com/remote-jobs/bright-tax-client-success-lead
Bright! Tax,Client Success Manager,https://weworkremotely.com/remote-jobs/bright-tax-client-success-manager
Qase,Technical Customer Support Specialist,https://weworkremotely.com/remote-jobs/qase-technical-customer-support-specialist
creatorXchange,Community Manager,https://weworkremotely.com/remote-jobs/creatorxchange-community-manager
Cranky Concierge,Travel Coordinator,https://weworkremotely.com/remote-jobs/cranky-concierge-travel-coordinator
Select Saunas,Customer Support Specialist,https://weworkremotely.com/remote-jobs/select-saunas-customer-support-specialist
Automattic,"Support Engineer, WordPress VIP",https://weworkremotely.com/remote-jobs/automattic-support-engineer-wordpress-vip
Proxify AB,Senior Java Backend Developer,https://weworkremotely.com/remote-jobs/proxify-ab-senior-java-backend-developer
Proxify AB,Senior Ruby on Rails Developer,https://weworkremotely.com/remote-jobs/proxify-ab-senior-ruby-on-rails-developer-3
Proxify AB,Senior Backend Developer (Python),https://weworkremotely.com/remote-jobs/proxify-ab-senior-backend-developer-python-8
Reveleer,Full Stack AI Engineer,https://weworkremotely.com/remote-jobs/reveleer-full-stack-ai-engineer
Tether,AI Research Engineer,https://weworkremotely.com/remote-jobs/tether-ai-research-engineer
bunny.net,Staff Software Engineer (Magic Containers),https://weworkremotely.com/remote-jobs/bunny-net-staff-software-engineer-magic-containers
Vidalytics,"AI Automation Engineer, In-House MarTech Video SaaS",https://weworkremotely.com/remote-jobs/vidalytics-ai-automation-engineer-in-house-martech-video-saas
Proxify AB,Senior Frontend Developer (React.js / Next.js),https://weworkremotely.com/remote-jobs/proxify-ab-senior-frontend-developer-react-js-next-js-1
Snapscale,WP dev (remote),https://weworkremotely.com/remote-jobs/snapscale-wp-dev-remote
Work and Study Travel,Website Builder / WordPress Specialist,https://weworkremotely.com/remote-jobs/work-and-study-travel-website-builder-wordpress-specialist
SilverTech,Account Director,https://weworkremotely.com/remote-jobs/silvertech-account-director
Steady Vision,Web Designer,https://weworkremotely.com/remote-jobs/steady-vision-web-designer
Atcom,Senior .NET Web Developer,https://weworkremotely.com/remote-jobs/atcom-senior-net-web-developer
ALIQAN Technologies,Site Reliability Engineer,https://weworkremotely.com/remote-jobs/aliqan-technologies-site-reliability-engineer
KAI Partners,Technical Solutions Engineer/Web Developer,https://weworkremotely.com/remote-jobs/kai-partners-technical-solutions-engineer-web-developer
Mindrift,Freelance Web Designer,https://weworkremotely.com/remote-jobs/mindrift-freelance-web-designer
Speechify Inc,"Senior Software Engineer, Web",https://weworkremotely.com/remote-jobs/speechify-inc-senior-software-engineer-web-1
Toggl,Senior Product Manager,https://weworkremotely.com/remote-jobs/toggl-senior-product-manager-4
Accuweather Careers,"Product Manager, Climate Services",https://weworkremotely.com/remote-jobs/accuweather-careers-product-manager-climate-services
Qventus,"Senior/Lead Product Manager, Agentic AI Platform",https://weworkremotely.com/remote-jobs/qventus-senior-lead-product-manager-agentic-ai-platform
Intapp,Senior Engagement Manager,https://weworkremotely.com/remote-jobs/intapp-senior-engagement-manager
TourCC,VP - Customer Success & Account Management - SaaS,https://weworkremotely.com/remote-jobs/tourcc-vp-customer-success-account-management-saas
Rimini Street,Forward Deployed Engineer (Agentic AI),https://weworkremotely.com/remote-jobs/rimini-street-forward-deployed-engineer-agentic-ai
Origami Risk,Technical Partnerships Manager,https://weworkremotely.com/remote-jobs/origami-risk-technical-partnerships-manager
Rimini Street,"Sr. Support Engineer, EBS",https://weworkremotely.com/remote-jobs/rimini-street-sr-support-engineer-ebs
Docsumo,"Senior Business Development Representative (3+ years, B2B SaaS Sales)",https://weworkremotely.com/remote-jobs/docsumo-senior-business-development-representative-3-years-b2b-saas-sales
NPS Prism,"Senior SQL Database Administrator DBA (Brazil, Remote)",https://weworkremotely.com/remote-jobs/nps-prism-senior-sql-database-administrator-dba-brazil-remote
blended.io,(Senior) Full-Stack Engineer (Remote),https://weworkremotely.com/remote-jobs/blended-io-senior-full-stack-engineer-remote
Mercury Insurance Services,Senior Software Engineer,https://weworkremotely.com/remote-jobs/mercury-insurance-services-senior-software-engineer
Elite Software Automation,Business Analyst,https://weworkremotely.com/remote-jobs/elite-software-automation-business-analyst-2
Spiralyze,Project Manager,https://weworkremotely.com/remote-jobs/spiralyze-project-manager-1
Impact Clients,Client Success Coach (CSM),https://weworkremotely.com/remote-jobs/impact-clients-client-success-coach-csm-1
Harris Global Business Services,Financial Accountant,https://weworkremotely.com/remote-jobs/harris-global-business-services-financial-accountant
EY Studio+ Nederland,Oracle Services - Oracle Cloud Finance - Manager - Tech Cons - Open Location,https://weworkremotely.com/remote-jobs/ey-studio-nederland-oracle-services-oracle-cloud-finance-manager-tech-cons
Snap Finance,"Manager, Credit Card Business Strategy (Remote)",https://weworkremotely.com/remote-jobs/snap-finance-manager-credit-card-business-strategy-remote
FIS Capital Markets,Account Manager II,https://weworkremotely.com/remote-jobs/fis-capital-markets-account-manager-ii
Collaborative Solutions,Workday Financials Analyst Consultant (Global Delivery Center),https://weworkremotely.com/remote-jobs/collaborative-solutions-workday-financials-analyst-consultant-global-delivery-center
New Law Business Model,Marketing Automation SaaS + Services Line of Business Owner,https://weworkremotely.com/remote-jobs/new-law-business-model-marketing-automation-saas-services-line-of-business-owner
NFP,"Commercial Lines (w Eldercare Facilities), Account Executive/Sr. (East Coast remote)",https://weworkremotely.com/remote-jobs/nfp-commercial-lines-w-eldercare-facilities-account-executive-sr-east-coast-remote
Wesley Finance Group,Inside Sales Representative,https://weworkremotely.com/remote-jobs/wesley-finance-group-inside-sales-representative
R-Cubed Consulting,Oracle Functional Financials Architect,https://weworkremotely.com/remote-jobs/r-cubed-consulting-oracle-functional-financials-architect
goop,"Vice President, Finance",https://weworkremotely.com/remote-jobs/goop-vice-president-finance
